{"cameraMode":{"drawMode":0,"name":"Shaded","section":"Shading Mode"},"sceneLighting":false,"audioPlay":false,"sceneViewState":{"showFog":true,"showMaterialUpdate":false,"showSkybox":false,"showFlares":true,"showImageEffects":true,"showParticleSystems":true},"in2DMode":false,"pivot":{"x":-8.669499397277832,"y":1.7690000534057618,"z":7.649999618530273},"rotation":{"x":0.09329160302877426,"y":-0.8176843523979187,"z":0.13844066858291627,"w":0.5511167645454407},"size":1.0524345636367798,"orthographic":true}